Title,Score,Comments,URL
Bernie Sanders‚Äô Presidential Run Was Sabotaged by Fake News - 'Nobody worried about fake news when it helped Hillary Clinton',20245,1343,http://observer.com/2016/11/bernie-sanders-presidential-run-was-sabotaged-by-fake-news/
One more fake news by CNN,16321,966,https://i.redd.it/a8ys1121vss41.jpg
An example of fake news. All American hero Pat Tillman killed in the line of duty in a dramatic firefight with insurgents... in reality killed in a friendly fire incident surrounded in controversy and cover up.,10276,656,https://en.wikipedia.org/wiki/Pat_Tillman
"Fake News CNN caught lying again! Said Elon Musk had not sent any ventilators to California. Elon Musk responds with receipts, pictures, and thank you notes from the hospitals that received over 1000 ventilators. ""What I find most surprising is that CNN still exists"" said Musk.",9925,1102,https://www.newsweek.com/elon-musk-tesla-ventilators-coronavirus-covid19-california-hospitals-list-gavin-newsom-1498491
Here is the evidence that Reddit user MaxwellHill is Ghislaine Maxwell.,9114,806,https://www.reddit.com/r/conspiracy/comments/r45a5n/here_is_the_evidence_that_reddit_user_maxwellhill/
"In this age of 'Fake news', let's remember that the Media decides our reality.",8311,396,https://i.imgur.com/kwUIpTJ.jpg
"Elon Musk shits on Corporate Media. Says he's wants to create botproof website where the public can rate the core truth of any article & track the credibility score over time of each journalist, editor & publication.",7620,475,https://www.reddit.com/r/conspiracy/comments/8loa0c/elon_musk_shits_on_corporate_media_says_hes_wants/
"Hillary Clintons entire campaign was run on fake news: staged photo ops, rigged debates, puppet journalists and scripted lines",7064,974,https://conspiracydailyupdate.com/2016/12/18/hillary-clintons-entire-campaign-was-run-on-fake-news-staged-photo-ops-rigged-debates-puppet-journalists-and-scripted-lines-david-icke-latest-headlines/
Missing Flight 370,6587,630,https://www.reddit.com/r/conspiracy/comments/iypndt/missing_flight_370/
2 years of compiled research available as PDF download or video format proves Pizzagate is 100% real. I have enough evidence for law enforcement in America to open up a real investigation.,6268,1112,https://www.reddit.com/r/conspiracy/comments/hn7crw/2_years_of_compiled_research_available_as_pdf/
"If you're new to 'conspiracies', this is what's going on",5991,1851,https://www.reddit.com/r/conspiracy/comments/chvs5r/if_youre_new_to_conspiracies_this_is_whats_going/
"Tommy Robinson secretly recorded his interview with Sky News‚Äã in order to catch them peddling fake news. His plot worked spectacularly. BBC edited it into‚Äã fake news, up to changing actual words by muting parts of his statements.",5796,416,https://hooktube.com/watch?v=byMHT72YAcg
"You've been brainwashed to believe that google, youtube, facebook, reddit, etc. are the gateways to the internet. There are hundreds of ways to access information that aren't controlled or censored by business/government interests",5264,460,https://www.reddit.com/r/conspiracy/comments/feznqb/youve_been_brainwashed_to_believe_that_google/
Why did r/news mods remove this comment on a thread about ABC news faking footage?,4926,389,https://i.imgur.com/C6z25dB.jpg
Example of fake news/propaganda,4176,437,https://external-preview.redd.it/0zwsAKBOudXLE4430kzZAeOqrJKEbHudaXohHJo7Gd4.jpg?width=800&auto=webp&s=dfb84e21a3e728141e062b7d3f971f0927cfaf5b
"Your mobile phone is a propaganda machine that keeps you wired to narratives and upset 24/7 about meaningless stories, fake news, and opinions.",3951,308,https://www.reddit.com/r/conspiracy/comments/ai0ym3/your_mobile_phone_is_a_propaganda_machine_that/
"Once you stop viewing Hillary Clinton as a normal candidate but instead a criminal, everthing that's happening makes more sense: ""Fake news,"" Soros' paid protests, ""Russia plants child porn on computers,"" ""FBI is against us,"" ""Trump is with Putin,"" recount in states she lost, Hamilton electors...",3675,1130,https://www.reddit.com/r/conspiracy/comments/5iuegj/once_you_stop_viewing_hillary_clinton_as_a_normal/
"Laura Silsby was convicted of kinapping 33 Haitian children, was saved by the Clintons, changed her name to Laura Gayler and now works for the U.S. Govt - She works for ""Amber Alerts"", a service which deals with locating missing children",3660,423,https://i.redd.it/59i72whserey.jpg
Acceptable Reasons for Vaccine Hesitance w/ 50 Published Medical Journal Sources [all credit to covinfo1999],3520,1188,https://www.reddit.com/r/conspiracy/comments/p8ov38/acceptable_reasons_for_vaccine_hesitance_w_50/
2 years of compiled reddit data on vaccine side effects,3431,1143,https://www.reddit.com/r/conspiracy/comments/16ailcn/2_years_of_compiled_reddit_data_on_vaccine_side/
An Open Letter to Everyone who has forever Mocked us Conspiracy Theorists,3394,1403,https://www.reddit.com/r/conspiracy/comments/conhke/an_open_letter_to_everyone_who_has_forever_mocked/
"Holy shit! A picture of Bill Clinton with Ghislaine Maxwell is at the top of /r/pics with 60,000 upvotes, and is currently #4 on /r/all.",3324,380,https://www.reddit.com/r/conspiracy/comments/em5jmv/holy_shit_a_picture_of_bill_clinton_with/
"Alright boys. Gigs finally up. Reddit's new upcoming TOS policy change enables Reddit to say your posts are theirs. Enabling companies to be liable for your content on Reddit. This is huge. Please, read!",3293,500,https://www.reddit.com/r/conspiracy/comments/8m9lea/alright_boys_gigs_finally_up_reddits_new_upcoming/
Updated list of proven conspiracies and hidden history.,3069,202,https://www.reddit.com/r/conspiracy/comments/70qvx7/updated_list_of_proven_conspiracies_and_hidden/
Friendly Reminder.,2891,229,https://i.redd.it/tc8flssb6h7d1.jpeg
"In Canada, a country almost 94% vaccinated with provinces at 100% vaccination rate, an unvaccinated person can now be barred from grocery stores, the hospital, all public non-essential venues and cannot legally leave the country.",2819,993,https://www.reddit.com/r/conspiracy/comments/r934ov/in_canada_a_country_almost_94_vaccinated_with/
Anyone else find this extremely concerning?,2785,433,https://i.redd.it/oyq1vh12s7yc1.jpeg
"The ridiculous news stories of ""Shortages"" to ""Student Walkouts"" to ""Strikes"" to ""Hospitals are Maxxed"" to ""5G Grounding Flights Maybe Permanently"" are ALL cover for what's really happening. Employees are telling their companies to fuck-off over mandates and the liar MSM is tripling down.",2790,488,https://www.reddit.com/r/conspiracy/comments/s7nyic/the_ridiculous_news_stories_of_shortages_to/
Anti gun fake news vs real news,2777,286,https://imgur.com/FnMeq7Q.jpg
"Glenn Greenwald: Democrats just lost the White House, Senate and the House. You would think they would engage in introspection and self-critique. They are now blaming Vladimir Putin, Julian Assange, James Comey, Fake news websites, Bernie Sanders, Millennials, Facebook and Jill Stein",2759,320,https://theintercept.com/2016/11/18/the-stark-contrast-between-the-gops-self-criticism-in-2012-and-the-democrats-blame-everyone-else-posture-now/
Pizza Gate: Accused Pedo Directly Calls For ‚ÄúFake News‚Äù Censorship with NY Times: James Alefantis,2692,737,http://www.eraofwisdom.org/pizza-gate-accused-pedo-directly-calls-fake-news-censorship-ny-times-james-alefantis/
"Everybody is now associating critical thinkers, conspiracy theorists, and people who question the status quo with ‚ÄúQ‚Äù followers now. The psyop has accomplished its mission: conflate truth seekers with insane conservatives.",2645,413,https://www.reddit.com/r/conspiracy/comments/kzd7ne/everybody_is_now_associating_critical_thinkers/
"Epstein was a CIA asset. The main players behind the worldwide child trafficking scandal are none other than the secret services - CIA, MI6, Mossad. Here is a collection of evidence.",2614,210,https://www.reddit.com/r/conspiracy/comments/cp0amg/epstein_was_a_cia_asset_the_main_players_behind/
Tommy Robinson Banned From Facebook and Instagram Less Than 24 Hours After He Releases Documentary on Fake BBC News.,2527,494,https://www.youtube.com/watch?v=wNd2bvLvyk4
"Japan suspends the production of Moderna's myocarditis after identifying ""foreign materials"" in the vials of vaccines, and now recommends the prescription of ivermectin - The Japanese are all conspiracy theorists",2449,463,https://www.reddit.com/r/conspiracy/comments/pbyafz/japan_suspends_the_production_of_modernas/
The Hunter Biden Saga Continues,2329,539,https://www.reddit.com/r/conspiracy/comments/vz54yz/the_hunter_biden_saga_continues/
"Some of the biggest stories/conspiracies of the Trump era; Jeffery Epstein, the Vegas shooting, Jammal Khashoggi's death, Bill Gates and Agenda 2030, might all be connected.",2284,323,https://www.reddit.com/r/conspiracy/comments/luvex6/some_of_the_biggest_storiesconspiracies_of_the/
"The purpose of modern propaganda is not only to misinform, but to get people to trust nothing by flooding valid information streams with obvious lies. It is to override peoples' ability to use logic with their frustration, alienation, and feelings of side vs side tribalism.",2230,284,https://www.reddit.com/r/conspiracy/comments/5o7n2s/the_purpose_of_modern_propaganda_is_not_only_to/
Manchurian Candidate Vibes,2167,696,https://www.reddit.com/gallery/1e53g1q
"This is the end of the line. The one all Conspiracy Rabbit holes lead to. The world is controlled by 8,000 - 8,500 psychopaths that want you and I dead or controlled. Unity & Awareness is how we free Planet Earth and Man Kind, and true freedom for our species will happen!",2152,565,https://www.reddit.com/r/conspiracy/comments/692p3d/this_is_the_end_of_the_line_the_one_all/
Pizzagate: The Totality of the Evidence,2144,510,https://www.reddit.com/r/conspiracy/comments/rfa3x4/pizzagate_the_totality_of_the_evidence/
"The new ""List Of Proven Conspiracies."" Community input welcome.",2000,206,https://www.reddit.com/r/conspiracy/comments/8qm9uu/the_new_list_of_proven_conspiracies_community/
"Syria : CNN Lied and Caught Red Handed, While Staging Fake Syria News. How can we trust them now ?",1870,266,http://www.ufo-blogger.com/2012/03/syria-cnn-anderson-cooper-caught-red.html
The truth of CNN has been uncovered!,1846,531,https://www.reddit.com/r/conspiracy/comments/68ey0i/the_truth_of_cnn_has_been_uncovered/
The MH370 Videos have been proved real.,1795,572,https://www.reddit.com/r/conspiracy/comments/17ivz3e/the_mh370_videos_have_been_proved_real/
"Newcomers and veteran conspiracy theorists alike, here‚Äôs what you need to know. A rundown of what‚Äôs going on in our world.",1723,446,https://www.reddit.com/r/conspiracy/comments/iomd74/newcomers_and_veteran_conspiracy_theorists_alike/
"If government officials are so concerned about ""fake news"" then why did they repeal the Smith Mundt act making government fake news legal?",1671,119,http://foreignpolicy.com/2013/07/14/u-s-repeals-propaganda-ban-spreads-government-made-news-to-americans/
Ready for the MK Ultra black pill?,1616,433,https://www.reddit.com/r/conspiracy/comments/wlb083/ready_for_the_mk_ultra_black_pill/
The Official: Andrew Tate is Controlled Opposition/ Psyop Thread,1610,605,https://www.reddit.com/r/conspiracy/comments/1029otd/the_official_andrew_tate_is_controlled_opposition/
WTF? The fake news media companies are meeting with the Biden Administration at the White House to ‚Äúreshape coverage‚Äù of Biden. This is blatant state-TV like North Korea,1594,232,https://i.imgur.com/fRMclZh.jpg
Mirror This. It keeps being deleted. Reddit Conspiracy,1576,151,https://www.reddit.com/r/conspiracy/comments/upypfk/mirror_this_it_keeps_being_deleted_reddit/
Joe Biden is everything Democrats and the fake news accused Trump of being,1543,1283,https://www.reddit.com/r/conspiracy/comments/wl1c33/joe_biden_is_everything_democrats_and_the_fake/
"""BREAKING: Covington Catholic High School ‚Äòmay sue‚Äô mainstream media outlets for spreading ‚Äòfake news‚Äô about their students allegedly ‚Äòharassing a Native American veteran‚Äô"" Not a conspiracy but related to a ton of posts today. The MSM needs to be held accountable.",1538,448,https://twitter.com/BreakingNLive/status/1087070855191019521
"This video was used by Youtube as a reason to shut down a growing conspiracy channel i had. The CCTV clip, caught a 'terror attack' being faked. With victims/actors running on the scene after an explosion. But youtube claims it contains gore! & MSM reported it to be real until the video got popular!",1482,234,https://www.reddit.com/r/conspiracy/comments/a5couh/this_video_was_used_by_youtube_as_a_reason_to/
"If you're standing in front of crime scene tape that you wrapped around your own equipment, you might be Fake News.",1457,203,http://i.imgur.com/BxZYWhV.jpg
"WOW! Bernie Sanders Gets BOOTED From CNN After Joking Calls Them ""Fake News!""",1434,191,https://www.youtube.com/watch?v=ZmEXIo3zGoI
New York Times Freaks Out as ‚ÄòFake News‚Äô Meme Gets Turned Against Big Media: 'People might recall that it was the New York Times which spent months assuring readers that Donald Trump had zero chance at being elected president and that Hillary would win in a landslide',1433,170,http://downtrend.com/donn-marten/new-york-times-freaks-out-as-fake-news-meme-gets-turned-against-big-media
"Jussie Smollett's Jan 29th hate crime ""attack"" was staged in part to benefit 2020 white house bids of Kamala Harris (D) and Cory Booker (D) who had introduced anti-lynching hate crime legislation with a stealth LGBT amendment that failed to clear before the end of the 115th Congress",1421,268,https://www.reddit.com/r/conspiracy/comments/as2uyv/jussie_smolletts_jan_29th_hate_crime_attack_was/
"The Boston ""bombing"" was 4 years ago today. After the event, I spent 3 weeks creating a photographic timeline and published a 4k word article that has been viewed 190,000 times. Today, my hero Dr. Paul Craig Roberts endorsed my conclusion (that it was a faked event) and linked to it. AMA!",1405,1254,https://www.reddit.com/r/conspiracy/comments/65lyc9/the_boston_bombing_was_4_years_ago_today_after/
Not even a conspiracy; just the truth ,1386,64,https://i.redd.it/418ra66o7tzd1.jpeg
"Reminder that the Mainstream Media coined the term ""FAKE NEWS"" the same week that pizzagate started gaining popularity",1391,151,https://i.redd.it/3r8d558uclr41.jpg
"Saw a big sign today on the highway driving back from vacation. It said something to the effect of, ""Are Police and FBI protecting rich DC pedophiles? #Pizzagate is not fake news, Research"". Glad someone out there is crazy enough to do it. Bravo.",1376,167,https://www.reddit.com/r/conspiracy/comments/6prxbr/saw_a_big_sign_today_on_the_highway_driving_back/
The Real Story of MH370 - All Evidence and Theories,1345,354,https://www.reddit.com/r/conspiracy/comments/16k6nyw/the_real_story_of_mh370_all_evidence_and_theories/
"Family of a schizophrenic 23-year-old man arrested over the weekend on terrorism charges levies some pretty heavy accusations against the FBI and their ""informant""",1306,208,https://www.reddit.com/r/conspiracy/comments/6u7b2r/family_of_a_schizophrenic_23yearold_man_arrested/
There is going to be a wave of news stories of people caught with fake cards.,1299,233,https://i.redd.it/deeazywzqhu71.jpg
Ever notice the Mainstream Media is quick to call any media source that deals with conspiracies 'crazy' 'tin-foil hat' and 'fake news' all while running a 4-month long conspiracy theory about Russia / Trump / election hacking based on no evidence whatsoever?,1280,479,https://www.reddit.com/r/conspiracy/comments/5yxoo8/ever_notice_the_mainstream_media_is_quick_to_call/
Kyle Rittenhouse is Innocent.,1241,675,https://www.reddit.com/r/conspiracy/comments/qr7et8/kyle_rittenhouse_is_innocent/
Is all our news fake?,1228,296,https://i.redd.it/wa2y8t34ohk81.jpg
"Warning from Austria: Up to 1 year in prison if you don't vaccinate. You have to pay the cost of your own detention. Prisoners are to be held in custody rooms, which are separate from prisoners.",1207,332,https://www.reddit.com/r/conspiracy/comments/r9j1lk/warning_from_austria_up_to_1_year_in_prison_if/
"Russia helps Trump win election, taken as fact in the mainstream, no evidence. Worldwide elite pedophile ring, compelling evidence, considered ""fake news"" by the mainstream.",1169,177,https://www.reddit.com/r/conspiracy/comments/5i51i8/russia_helps_trump_win_election_taken_as_fact_in/
The 71st whale killed since last December has been found. The US government and the wind industry are going to make the North Atlantic right whale extinct. This is the biggest environmental scandal in the world.,1163,314,https://www.reddit.com/r/conspiracy/comments/16cp0py/the_71st_whale_killed_since_last_december_has/
Clinton decries fake news 'epidemic' - Was she meaning 'epidemic' like pedophilia in the upper circles in D.C.? - To have Clinton herself reference and make a push against 'fake news' means PizzaGate has hit a very sensitive nerve - They're terrified of the pitchforks really coming for them!,1141,370,http://www.politico.com/story/2016/12/hillary-clinton-fake-news-fight-232381
Fake News is Fake,1132,112,https://i.imgur.com/ahZk8J6.jpg
"Just a year ago, this was fake news. (Lolita Express Flight Manifest ft. Kevin Spacey)",1136,348,https://i.redd.it/w4qm8lj8qfwz.jpg
We are living in the post-apocalypse,1094,221,https://www.reddit.com/r/conspiracy/comments/1b6tttd/we_are_living_in_the_postapocalypse/
Reddit user predicted this month would be the biggest Project Blue Beam event yet and now this month we're being shown literal pictures of alien mummies from Mexican Congress,1069,359,https://i.redd.it/rq7jtawwp2ob1.png
Pizzagate is not 'Fake News' Infographic currently has 2.7k Retweets on Twitter,1072,239,https://twitter.com/suziedaud/status/807006224059432960
The same MSM that said Hillary had a 98% chance of winning now say Pizzagate has 98% chance of being a hoax and fake news,1047,148,https://www.reddit.com/r/conspiracy/comments/5h4eq6/the_same_msm_that_said_hillary_had_a_98_chance_of/
"John Podesta says he's down for ""making an example"" of a whistle blower. John Podesta works for the Washington post. WaPo runs article saying Seth rich conspiracy is fake news",1040,203,https://www.reddit.com/r/conspiracy/comments/6ch0cc/john_podesta_says_hes_down_for_making_an_example/
Fake News: Like when CNN said it was illegal for any citizen to read the Podesta emails?,1028,54,https://www.reddit.com/r/conspiracy/comments/5j1nms/fake_news_like_when_cnn_said_it_was_illegal_for/
"Can we all agree that ALL the mainstream media and major networks are part of the ""New World Order"" conspiracy? FOX, CBS, MSNBC, TIME magazine, WaPo, and NOT just fucking CNN? Bashing CNN exclusively here makes us appear partisan right, and fiercely anti left.",1030,298,https://www.reddit.com/r/conspiracy/comments/6k6ho7/can_we_all_agree_that_all_the_mainstream_media/
"BREAKING: THEY ARE TRYING TO SAY THE POLICE RECORDING OF ""Let's get the burner going"" ""...Like we talked about"" IS FAKE. THEY ARE FABRICATING IN REAL TIME",1006,213,https://www.reddit.com/r/conspiracy/comments/18gai4/breaking_they_are_trying_to_say_the_police/
"92% of Republicans, 70% of all voters, think media intentionally reports fake news",997,165,https://www.ac2news.com/2018/06/92-of-republicans-70-of-all-voters-think-media-intentionally-reports-fake-news/
"Wikileaks reminds the public ""We have no conditions which could lead to sudden death"" within hours of the *Sudden Death* of Anti-CIA Journalist Udo Ulfkotte.",983,69,https://www.reddit.com/r/conspiracy/comments/5oawxs/wikileaks_reminds_the_public_we_have_no/
Of course pizza gate is a fake news story!,975,404,https://imgur.com/f9BSLBX
Does anyone else remember how this all started? Forgive me for anytime line errors about this. Trust me I believe this is worth a read.,972,401,https://www.reddit.com/r/conspiracy/comments/juz75m/does_anyone_else_remember_how_this_all_started/
"In the span of one year, three of Kevin Spacey's accusers all died.",970,112,https://www.reddit.com/r/conspiracy/comments/1de68nw/in_the_span_of_one_year_three_of_kevin_spaceys/
Pizzagate 8 years later,959,435,https://www.reddit.com/r/conspiracy/comments/18dgqqa/pizzagate_8_years_later/
"Dilyana Gaytandzhieva on Twitter: 4 years ago I was expelled from the European Parliament for confronting the US Assistant Secretary of health over Pentagon-funded biolabs in 25 countries across the world. I was smeared by US media as ""fake news"". Who is the fake news now?",949,34,https://twitter.com/dgaytandzhieva/status/1501957499448180745
Google is Fake News,935,88,https://i.redd.it/8l471a5i0hw71.png
"Un-injected doctors and nurses in my country were fired and cannot work in their field, even with a daily negative test. Meanwhile infected, positive and CONTAGIOUS ones now can, because of staff shortage. Peak clown world.",929,116,https://www.reddit.com/r/conspiracy/comments/ry35yo/uninjected_doctors_and_nurses_in_my_country_were/
How does Covid-19 have every symptom reported to mankind?,931,311,https://www.reddit.com/r/conspiracy/comments/qw0mpv/how_does_covid19_have_every_symptom_reported_to/
"CNN claims ""Most Americans can't spot fake news""... Oh the irony...",923,120,https://www.reddit.com/r/conspiracy/comments/o44rub/cnn_claims_most_americans_cant_spot_fake_news_oh/
People have swallowed a fake news story about how fake news is the reason Hillary lost the election. It can't get any more crazy than that.,903,139,https://www.reddit.com/r/conspiracy/comments/5e9r6r/people_have_swallowed_a_fake_news_story_about_how/
The Fake News Movement Is A Calculated Hoax Against The First Amendment To Allow Censorship On The Web Against Alternative News. First Step To Dictatorship.,885,110,https://www.reddit.com/r/conspiracy/comments/5gve53/the_fake_news_movement_is_a_calculated_hoax/
How being a video editor for pro wrestling has changed how I view the world.,881,158,https://www.reddit.com/r/conspiracy/comments/8qgh0x/how_being_a_video_editor_for_pro_wrestling_has/
The term Fake News is subconsciously designed to implant the idea that by default the Mainstream media is real news.,875,85,https://www.reddit.com/r/conspiracy/comments/5edzdl/the_term_fake_news_is_subconsciously_designed_to/
"Beijing news outlet risks it all, says China is 'faking coronavirus recovery'",876,127,https://wnd.com/2020/03/beijing-news-outlet-risks-says-china-faking-coronavirus-recovery/
Why snopes is fake news,869,300,http://imgur.com/PO6uChK.jpg
Fake news is being pushed after pizza gate the same way conspiracy theory was pushed after the Kennedy assassination,845,110,https://www.reddit.com/r/conspiracy/comments/5iolci/fake_news_is_being_pushed_after_pizza_gate_the/
"The media protests PizzaGate too much. Something is odd here. The U.S. corporate media has never done a concerted push to warn viewers and readers about an incoming ""fake news surge."" Never. Nor has an exiting President warned his supporters about vile fake news, ever before. Something is odd here.",844,241,https://www.youtube.com/watch?v=8CSWK9uWmOw
"Screw it, since real life is conspiracy now, I will just post this here",836,266,https://www.reddit.com/r/conspiracy/comments/heulij/screw_it_since_real_life_is_conspiracy_now_i_will/
How to MKUltra an Entire Society,826,184,https://www.reddit.com/r/conspiracy/comments/nbf2n0/how_to_mkultra_an_entire_society/
The vaccinated are wearing the tinfoil hats.....,823,480,https://www.reddit.com/r/conspiracy/comments/ptrhr5/the_vaccinated_are_wearing_the_tinfoil_hats/
Fake News Washington Compost: Corona is Not a Threat. Then Later it Is A Threat,814,89,https://i.redd.it/v24mhi7q0vn41.jpg
"No one in /Conspiracy gives a shit about Harvey Weinstein, fake accounts have to be posting about it to move Las Vegas posts to bottom",812,197,https://www.reddit.com/r/conspiracy/comments/7734y1/no_one_in_conspiracy_gives_a_shit_about_harvey/
Ghost Population Conspiracy,803,240,https://www.reddit.com/r/conspiracy/comments/18kk8wi/ghost_population_conspiracy/
"Pissgate Officially Declared Fake News by BuzzFeed Parent Company NBC, Citing Senior Intelligence Officer",804,210,https://www.reddit.com/r/conspiracy/comments/5nh29h/pissgate_officially_declared_fake_news_by/
Not fake news!!,801,61,http://i.imgur.com/UtX2uhC.jpg
CNN cuts feed after Bernie Sanders jokingly refers to them as fake news.,801,188,https://vimeo.com/203535300
"Like clockwork, WaPo article pops up on r/politics calling Seth Rich conspiracy fake news.",802,161,https://www.reddit.com/r/politics/comments/6cg0yu/the_seth_rich_conspiracy_shows_how_fake_news?sort=confidence
The Cyber 9/11 Timeline,793,98,https://www.reddit.com/r/conspiracy/comments/1f3efov/the_cyber_911_timeline/
"There are 44 peer-reviewed studies, 39 of which show that ivermectin is effective against COVID19. Don't let big pharma shills and the fake news MSM tell you otherwise and do your own research.",797,142,https://ivmmeta.com/#fig_fpp
"URGENT: I need help decoding pictures in WIKILEAKS Of Antarctica and help digging Info relating to Wikileaks, Julian, Antarctica, Cloning, Aliens.",794,446,https://www.reddit.com/r/conspiracy/comments/5gbwon/urgent_i_need_help_decoding_pictures_in_wikileaks/
"Stop calling it ""fake news"" and start calling it what it is. Propaganda.",792,86,https://www.reddit.com/r/conspiracy/comments/5ic8fh/stop_calling_it_fake_news_and_start_calling_it/
"A reminder of why the term ""fake news"" was pushed so hard",793,298,https://i.redd.it/11dytegnvq531.jpg
"I've compiled a list of Donald Trump's pro establishment moves so far in his presidency. A quick look into his history shows he was selected years in advance by Rothschild assets, and groomed for the role of ""anti establishment populist savior"", to pacify those who question the state.",783,450,https://www.reddit.com/r/conspiracy/comments/8smlqh/ive_compiled_a_list_of_donald_trumps_pro/
How many people here didn't legitimately know that the POTUS was mentally impaired until just the last couple weeks? ,771,573,https://www.reddit.com/r/conspiracy/comments/1e1dajs/how_many_people_here_didnt_legitimately_know_that/
"""Journalist"" Now Attacking Elon Musk Ever Since He Came Out Out Against Fake News & Yellow Journalism",759,162,https://i.imgur.com/ocQ9PME.jpg
The disinformation campaign,754,526,https://i.redd.it/flb0czzgwzzz.jpg
"BBC brands ""PizzaGate"" as ""Fake News"" a ""Conspiracy Theory"" and that we are simply ""extremist white nationalist alt-right."" :o :o",740,160,http://www.bbc.co.uk/news/blogs-trending-38156985
The Independent is spreading Fake News,735,81,https://i.imgur.com/wCKBN2e.jpg
‚ÄòFake news comes from our own govt‚Äô - Ron Paul fires back on propaganda charges,721,24,http://americanintelligencereport.com/fake-news-comes-from-our-own-govt-ron-paul-fires-back-on-propaganda-charges?utm_campaign=shareaholic&utm_medium=reddit&utm_source=news
For PizzaGate Skeptics,712,369,https://www.reddit.com/r/conspiracy/comments/5g3ywi/for_pizzagate_skeptics/
"The Election Was Not Hacked - 'The harsh reality is this: Hillary Clinton is the worst presidential nominee in American history. And if the media is actually concerned about fake news, they will drop the election hacking lie and just admit that their candidate was a disaster'",712,186,https://ricochet.com/399685/election-not-hacked/
"to the far left calling project veritas ""Misinformation"": heres what Misinformation REALLY looks like",715,131,https://www.reddit.com/r/conspiracy/comments/s1ksqw/to_the_far_left_calling_project_veritas/
Why doesn't anybody talk about the Phobos Incident?,709,162,https://www.reddit.com/r/conspiracy/comments/fd5780/why_doesnt_anybody_talk_about_the_phobos_incident/
"Reminder: This Forum is flooded with counterintelligence agents, learn their tactics, pay attention to which topics/posts are suppressed.",705,144,https://www.reddit.com/r/conspiracy/comments/mzfiv7/reminder_this_forum_is_flooded_with/
Reminder: Comet Ping Pong May or May Not Have A Basement...,689,133,https://i.redd.it/8cdzoryjhy2y.jpg
"The BBC gets caught red-handed spreading fake news about a ward full of children with Covid, hospital quickly debunks the lies.",689,88,https://www.dailymail.co.uk/news/article-9106509/Coronavirus-London-childrens-hospital-consultant-says-wards-NOT-youngsters-Covid.html
"Denzel Washington is woke. He's not buying any of the MSN ""Fake news"" Propaganda.",678,87,https://www.youtube.com/watch?v=KrE1ZvldiFE
"Yesterday, I wrote a long bio weapon conspiracy here implicating China. Just a few minutes after posting, I received a long meticulously thought out message detailing a counter conspiracy blaming the U.S. written in Mandarin Chinese.",678,289,https://www.reddit.com/r/conspiracy/comments/ey9ogo/yesterday_i_wrote_a_long_bio_weapon_conspiracy/
Telegram Founder Pavel Durov has been arrested in France.,658,176,https://i.redd.it/8sz566wrlqkd1.jpeg
"Reality Check: Is Pizzagate Fake News or Has It Just Not Been Officially Investigated - Ben Swann Pizzagate Reality Check: Please download, re-upload, and spread it everywhere!",664,132,https://www.youtube.com/watch?v=zP2_XX5IT0w
A disgruntled Facebook employee who's angry that she sees Ben Shapiro in her feed next to her occupy Democrats disinformationn is not a whistleblower,658,98,https://www.reddit.com/r/conspiracy/comments/q2k6jw/a_disgruntled_facebook_employee_whos_angry_that/
Wonder how long it will take the media to portray the guys at WallStreetBets who are screwing over a billion dollar hedge fund as ‚Äúalt-right nazis‚Äù?,658,198,https://www.reddit.com/r/conspiracy/comments/l5p77o/wonder_how_long_it_will_take_the_media_to_portray/
Mainstream media was the biggest loser tonight,653,68,https://www.reddit.com/r/conspiracy/comments/1gkt3tz/mainstream_media_was_the_biggest_loser_tonight/
"üçïCompilation of All Evidence of the Mainstream media, social media, and Internet censorship of Pizzagate/Pedogate. üçï",649,349,https://www.reddit.com/r/conspiracy/comments/5za5fj/compilation_of_all_evidence_of_the_mainstream/
"Is anyone else stunned that we're repeating the *exact same* pattern (vis-√†-vis Russia) as Vietnam, Iraq, Libya, Syria, etc? Our governments choose a boogeyman and ask us to trust them explicitly, while we are further divided and the elites continue to line their pockets and cement their control.",651,251,https://www.reddit.com/r/conspiracy/comments/84vgn1/is_anyone_else_stunned_that_were_repeating_the/
"Person who created Pizzagate Wikipedia page calling it ""debunked fake news"" also created Podesta Emails Wikipedia page in which they claim some of the emails were ""altered""",646,99,https://www.reddit.com/r/conspiracy/comments/5hew61/person_who_created_pizzagate_wikipedia_page/
We are being led into World War 3,639,261,https://www.reddit.com/r/conspiracy/comments/1aghwh3/we_are_being_led_into_world_war_3/
Deep dive on Dan Schneider and Amanda Bynes relationship,633,245,https://www.reddit.com/r/conspiracy/comments/mm8tjg/deep_dive_on_dan_schneider_and_amanda_bynes/
What celebrity do you believe faked their death? ,628,600,https://www.reddit.com/r/conspiracy/comments/1bihpzb/what_celebrity_do_you_believe_faked_their_death/
"German news paper fakes explosion of power plant in ukraine, which actually happened 2015 in china.",627,64,https://i.redd.it/folq045dyek81.jpg
‚ÄúFake news‚Äù,626,123,https://i.redd.it/fbyk93nxv96c1.jpg
"After full video of Covington Catholic students is released, proving the students' side of the story was indeed true, CNN doubles down on the fake news and continues to portray the kids in the wrong light",629,222,https://twitter.com/CNN/status/1087125885822685185
Hunter Biden will guest teach a class on 'fake news' at Tulane University this fall ü§°,627,164,https://www.dailymail.co.uk/news/article-9518187/Hunter-Biden-guest-teach-class-fake-news-Tulane-University-fall.html
"If Facebook can now automatically pre-censor Tide Pod videos and articles as ""spam"", makes you wonder how easily they censor literally anything else.",611,36,https://www.reddit.com/r/conspiracy/comments/7t27ts/if_facebook_can_now_automatically_precensor_tide/
NYT is now suggesting that Trump could be a Russian agent and that Intelligence agencies should withhold information from POTUS Trump while in office because he would share them with Putin - This is equivalent to say that the future POTUS is preemptively guilty of treason! - These people are nuts!,613,380,https://www.reddit.com/r/conspiracy/comments/5o28ve/nyt_is_now_suggesting_that_trump_could_be_a/
"I get the feeling the ""fake news affecting the election"" stories that are trending right now are being pushed by the main stream media so we won't talk about how they affected the elections.",611,66,https://www.reddit.com/r/conspiracy/comments/5ds8pm/i_get_the_feeling_the_fake_news_affecting_the/
"Give credit where credit is due: Trump's ""CNN is fake news"" tactic is actually pretty effective. My Trump supporting parents and forever GOP voters are now starting to question all MSM as fake news, not just CNN. Including FOX news, their most favorite MSM outlet.",608,298,https://www.reddit.com/r/conspiracy/comments/7init5/give_credit_where_credit_is_due_trumps_cnn_is/
"In 1966, the CIA banned a book called 'The Adam And Eve Story: The History of Cataclysms'. What were they hiding? Well now you can help figure it out!",610,264,https://www.reddit.com/r/conspiracy/comments/b79vpp/in_1966_the_cia_banned_a_book_called_the_adam_and/
"In this age of 'Fake news', let's remember that the Media decides our reality.",604,51,http://i.imgur.com/mWMMJaP.jpg
"People think Trump brainwashed his ‚Äúfollowers‚Äù into believing the media was fake news, but this video is a prime example of why millions of Americans have stopped buying the lies.",604,534,https://streamable.com/piecmk
Venezuela Kicks CNN Out Of Country For Creating Fake News,600,72,http://www.thegatewaypundit.com/2017/02/venezuela-kicks-cnn-country-creating-fake-news/
Justin Trudeau Flew Thousands of KM to Calgary Stampede for 1 Hour Pancake Breakfast in a parking lot 17 km away from the event with staged crowd for photo op and then flew home; News all lie about it PRAVDA style,596,82,https://www.reddit.com/r/conspiracy/comments/vxc6ew/justin_trudeau_flew_thousands_of_km_to_calgary/
The front page of /r/conspiracy is now more informative and relevant than the front page of /r/all. Let that sink in for a moment.,586,137,https://www.reddit.com/r/conspiracy/comments/g8fv37/the_front_page_of_rconspiracy_is_now_more/
"No, Hillary Clinton did not get more votes than any candidate ever - Saying that she did is a perfect example of how 'Fake News' are propagated by MSM",587,94,https://mic.com/articles/161840/no-hillary-clinton-did-not-get-more-votes-than-any-candidate-ever
"Freedom Convoy truckers prepare hot meals for the homeless at Confederate Park in #Ottawa. You won't see this on fake news CBC. - Jan 31, 2022",583,26,https://twitter.com/MarkSlapinski/status/1488234175832498183
"Obama's Birth Certificate forgery is being 100% ignored by EVERY MSM, even though it was performed by Experts from different places and there was PROOF provided. - The MSM are not calling it fake news either, like they are with (literally) everything else.",572,254,https://www.reddit.com/r/conspiracy/comments/5ixu0a/obamas_birth_certificate_forgery_is_being_100/
Stop fake news!!,570,91,https://i.reddituploads.com/b08ab9bba9ae4442a31aaa429562a201?fit=max&h=1536&w=1536&s=22a9bbef9e78a1f91b5b1e91f5de6b51
"We need to put a stop to this. The elite are,calling real news fake and fake news real and trying to filter real news. They are trying to censor Real News.",570,76,https://www.reddit.com/r/conspiracy/comments/5i0ak5/we_need_to_put_a_stop_to_this_the_elite/
"The Biden administration PAID the fake news empire to shill Big Pharma experimental products AND purchased ads on TV, radio, in print, and on social media.",567,94,https://i.imgur.com/r0ua2gp.jpg
"Paul Joseph Watson on Twitter: ""The same media that gave Hillary 98% chance of winning & hoax rape stories is lecturing us about ""fake news""",560,19,https://mobile.twitter.com/PrisonPlanet/status/799677814446419968
Flatten the Curve. Part 13. The epidemic. The economic shutdown. The Doomsday bunkers. The real reason for all of it is happening in plain sight.,568,160,https://www.reddit.com/r/conspiracy/comments/gztcvg/flatten_the_curve_part_13_the_epidemic_the/
"No longer fake news. This is the email that shows Donald Trump Jr knowing he was going to meet with a ""Russian government attorney"". Taken From DJT Jr's own twitter.",564,1051,http://imgur.com/a/rMNy4
YouTube massively wiping ‚Äúdislikes‚Äù on Biden‚Äôs latest vax program statement,563,96,https://www.reddit.com/r/conspiracy/comments/ofjwc3/youtube_massively_wiping_dislikes_on_bidens/
Or how about when the government created the fake news about being attacked in the Gulf of Tonkin in order to justify war in Vietnam?,561,35,http://fair.org/media-beat-column/30-year-anniversary-tonkin-gulf-lie-launched-vietnam-war/
"TSA faked its safety data on its X-ray airport scanners; we now live in an age where the federal government simply fakes whatever documents, news or evidence it wants people to believe.",557,43,http://www.activistpost.com/2011/05/tsa-backscatter-radiation-safety-tests.html
"Joe Scarborough: ‚ÄòHillary Clinton Cost Hillary Clinton the Election,‚Äô Not Fake News",562,53,http://www.mediaite.com/tv/joe-scarborough-hillary-clinton-cost-hillary-clinton-the-election-not-fake-news/
Just so we're clear,553,268,https://www.reddit.com/r/conspiracy/comments/5oz8xt/just_so_were_clear/
"Social media, porn, dating apps are ruining us.",555,146,https://www.reddit.com/r/conspiracy/comments/1eweavh/social_media_porn_dating_apps_are_ruining_us/
NBC News‚Ñ¢ adds a deep-fake pimple onto Tulsi Gabbard's chin during the live streaming of the first Democratic‚Ñ¢ debate.,557,156,https://www.youtube.com/watch?v=Taens_FTyDk
"And Then They Came For the Anti-Vaxxers: Top thread on /r/news says you're a ""threat"" if you question the vaccine paradigm. The last decade of increasingly unhinged vaccine propaganda on the front page of reddit has been by design.",557,245,https://www.reddit.com/r/conspiracy/comments/g91qme/and_then_they_came_for_the_antivaxxers_top_thread/
A message to the Pizzagate deniers,552,522,https://www.reddit.com/r/conspiracy/comments/5i8ux9/a_message_to_the_pizzagate_deniers/
"The  presidential election propaganda on this website has gone absolutely bananas lately, don't you think? ",556,243,https://www.reddit.com/r/conspiracy/comments/1ehqvdx/the_presidential_election_propaganda_on_this/
"Another day, another fake news pushed by Fake Main Stream Media.",549,90,https://i.redd.it/dcin9yudba941.jpg
‚ÄòThey have sold us fake vaccines‚Äô: EU MEP demands refund & ‚Äúprosecute Pfizer and others‚Äù,553,38,https://www.reddit.com/r/conspiracy/comments/y5v6x3/they_have_sold_us_fake_vaccines_eu_mep_demands/
Yale student ‚Äústabbed in the eye‚Äù turns out to be a HOAX,549,84,https://i.redd.it/de683c6pm2xc1.jpeg
U.S.A. truck convoy starts TOMORROW!?,542,278,https://www.reddit.com/r/conspiracy/comments/syqikm/usa_truck_convoy_starts_tomorrow/
"I‚Äôve compiled a list of D. Trumps pro establishment moves thus far. He‚Äôs being portrayed as an ‚Äúanti establishment‚Äù outsider, but has surrounded himself with NWO assets. 3 years later, no Fed transparency, no ‚Äúlock her up‚Äù, no 9/11 disclosure, no ending of the wars, no restoration of civil rights.",546,293,https://www.reddit.com/r/conspiracy/comments/e2oh6u/ive_compiled_a_list_of_d_trumps_pro_establishment/
CNN airs fake AI image of Trump built like Gru during news story,540,117,https://streamable.com/mmtpib
Washington Post admits article on ‚ÄòRussian propaganda‚Äô & ‚Äòfake news‚Äô based on sham research,537,59,https://www.rt.com/usa/369598-washington-post-fake-propaganda/
on my way to another funeral. 45 healthy and died from a blood clot. force vaccinated by his job.,534,365,https://www.reddit.com/r/conspiracy/comments/wnjpdu/on_my_way_to_another_funeral_45_healthy_and_died/
Washington Post Published Fake News Story About a Vermont Utility Getting Hacked by Russians,540,32,http://www.zerohedge.com/news/2016-12-31/washington-post-published-fake-news-story-about-vermont-utility-getting-hacked-russi
"Another Archeological ""Myth""",538,161,https://i.redd.it/cxbxk2ve7x2a1.png
"FOX, CNN, MSNBC, ABC, CBS, NYT, InfoWars are all FAKE NEWS. Real r/conspiracy users understand this.",535,291,https://www.reddit.com/r/conspiracy/comments/5vf82p/fox_cnn_msnbc_abc_cbs_nyt_infowars_are_all_fake/
Never forget - Obama repealed this 1948 act so he could flood our media with endless propaganda‚Ä¶,532,60,https://revolver.news/2024/02/obama-repealed-this-1948-act-so-he-could-flood-our-media-with-endless-propaganda/
"Pharm companies can only get an EUA (Emergency Use Authorization) if no other treatments exist. Now you know why they attacked HCQ, Ivermectin, etc. so hard. $$$$$",529,33,https://www.reddit.com/r/conspiracy/comments/m8h03n/pharm_companies_can_only_get_an_eua_emergency_use/
Confession of Hillary Shill from /r/SandersForPresident - thread is now gone but someone saved the content.,527,162,https://www.reddit.com/r/conspiracy/comments/3rncq9/confession_of_hillary_shill_from/
"New York Times warns us ‚ÄúDon‚Äôt Go Down the Rabbit Hole : Critical thinking, as we‚Äôre taught to do it, isn‚Äôt helping in the fight against misinformation.‚Äù",532,89,https://www.reddit.com/r/conspiracy/comments/lo2l89/new_york_times_warns_us_dont_go_down_the_rabbit/
"MSM Calls Pizzagate Fake, They Did Same Thing When Breitbart Broke News About Anthony Weiner",527,60,https://www.youtube.com/watch?v=L80zhmUyRWc&t=1m15s
Joe Biden is everything Democrats and the fake news accused Trump of being,521,195,https://www.reddit.com/r/conspiracy/comments/vsr9zc/joe_biden_is_everything_democrats_and_the_fake/
"I deleted thinking this was fake, nope, it happened. ""CNBC TV crew arrested trying to sneak fake explosive device through Newark security? Prepping for the next news cycle?""",526,56,http://www.nj.com/news/index.ssf/2018/01/cnbc_crew_with_fake_bomb_arrested_at_newark_airport_source.html
Superstar Reporter Warns 'FAKE News' Panic Is Censorship Trap: 'I'm really nervous about someone saying we'll decide the truth',519,25,http://www.wnd.com/2016/12/superstar-reporter-warns-fake-news-panic-is-censorship-trap/
There is a disinformation campaign surrounding David Hogg. Details inside,518,333,https://www.reddit.com/r/conspiracy/comments/7z75jj/there_is_a_disinformation_campaign_surrounding/
"Vital information is mixed it with nonsense, systematically destroying online forums through disinformation. Or: Why this subreddit feels like a crazyhouse sometimes.",517,271,https://www.reddit.com/r/conspiracy/comments/4niqcn/vital_information_is_mixed_it_with_nonsense/
Did Clinton just send a coded warning to all her satanic pedophile co-conspirators that they could all go down together if they don't all do whatever it takes for PizzaGate to be contained? - 'Fake news can have real world consequences. It‚Äôs a danger that must be addressed and addressed quickly',515,232,https://www.reddit.com/r/conspiracy/comments/5ha9xc/did_clinton_just_send_a_coded_warning_to_all_her/
"Just a reminder, that Pizzagate is real, and just one tiny example of elite pedophilia. There was a massive media campaign to demonize the issue, branding it ""fake news"". Snopes, Wikipedia, and Google as well as various talk shows came out to attack it.",510,314,https://www.reddit.com/r/conspiracy/comments/6uskwz/just_a_reminder_that_pizzagate_is_real_and_just/
RON PAUL : Fake News Comes From Our Own Government,509,42,http://conspiracynews.in/ron-paul-fake-news-comes-government/
"I did a little more research on a popular article lately regarding coconut oil, and how it is (supposedly) bad for you.",512,95,https://www.reddit.com/r/conspiracy/comments/6iynfy/i_did_a_little_more_research_on_a_popular_article/
"Ever notice how the ""fake"" news sites have comments sections, while most of the ""real"" news sites have removed them?",504,72,https://www.reddit.com/r/conspiracy/comments/5dv0c3/ever_notice_how_the_fake_news_sites_have_comments/
"Reminder that ""fake news"" is part of a psychological operation, the phrase comes into use at the exact moment when searches for Podesta are replaced by searches for pizzagate. [OC]",502,164,https://i.redd.it/ppp50op32gg21.png
"Alex Jones just met with Megyn Kelly on his show. Many of us have been saying the ""Social Engineers"" are trying to merge and suck the Conspiracy Culture into Right Leaning"" politics, to destroy our non partisan appeal and politicize us. Jones is leading this psy op and his followers Into Trumpville.",504,241,https://www.reddit.com/r/conspiracy/comments/6fxuj0/alex_jones_just_met_with_megyn_kelly_on_his_show/
CTR is back.,497,535,https://www.reddit.com/r/conspiracy/comments/5r0nok/ctr_is_back/
"The same media and celebrities preaching about conservatives, republicans, and magas ‚Äúinciting violence‚Äù ‚Äúthreatening democracy‚Äù and ‚Äúbeing fascist‚Äù made music videos and comedy skits of trump being shot and decapitated on tv AND talked about revolution and blowing up the White House",499,318,https://www.reddit.com/r/conspiracy/comments/yj7bfi/the_same_media_and_celebrities_preaching_about/
"How to ""MKUltra"" an Entire Society",499,136,https://www.reddit.com/r/conspiracy/comments/9u5f3m/how_to_mkultra_an_entire_society/
one of the top comments in a different post talked about how Google is training a 100K strong army of online trolls to infiltrate conspiracy groups. and I thought that that comment deserved its own post,492,114,https://www.reddit.com/r/conspiracy/comments/wlcquh/one_of_the_top_comments_in_a_different_post/
"Social media has DESTROYED the world wide web. When the first website went live in 1991, the goal was to connect us all. However, we are the most far apart now",489,102,https://www.reddit.com/r/conspiracy/comments/u3y7tz/social_media_has_destroyed_the_world_wide_web/
"RT: New York Times claims Pizzagate ""Fake news...No evidence"". Reddit shuts down Pizzagate subreddit. CEO caught editing user posts.",489,17,https://www.rt.com/usa/368025-reddit-ceo-posts-modified/
Your chance of having a chronic disease is now 54%. CDC says 6 in 10 have one. Before 1989 is was 12%. Who profits? Big Pharma. Read to learn something of how they have accomplished this abomination.,484,100,https://www.reddit.com/r/conspiracy/comments/eq4hvl/your_chance_of_having_a_chronic_disease_is_now_54/
People are upset at the looters... But no one is upset at the government for looting ten trillion dollars and giving it to their wall street buddies?,479,63,https://www.reddit.com/r/conspiracy/comments/gtjekn/people_are_upset_at_the_looters_but_no_one_is/
"Yes, Tiffany Gomas and her ""not real"" human are a psyop. And yes, ""not real"" humans walk among us. They're not our friends. Here's what comes next.",475,408,https://www.reddit.com/r/conspiracy/comments/15xqtah/yes_tiffany_gomas_and_her_not_real_human_are_a/
"CALLING IT NOW!! After the Break in at Steven Paddocks home in Reno, now you can expect a Fire or some kind Accident to happen at Mandalay Bay that will destroy Paddocks room and or all copies or camera footage of that night!",472,82,https://www.reddit.com/r/conspiracy/comments/75prx1/calling_it_now_after_the_break_in_at_steven/
"NYT changes title of #Pizzagate hit piece again, this time includes ""Fake News Onslaught""",472,66,https://www.reddit.com/r/conspiracy/comments/5ehn77/nyt_changes_title_of_pizzagate_hit_piece_again/
Washington post with more FAKE NEWS,468,54,https://imgur.com/jE5xQqG.jpg
Reddit reminder: BBC is NOT fake news.,475,164,http://www.thetruthseeker.co.uk/wordpress/wp-content/uploads/2013/09/BBC-reports-the-collapse-of-WTC-BEFORE-it-fell.jpg
What are some 9/11 conspiracy theories,1715,575,https://i.redd.it/txhepvmv4und1.jpeg
"You can convince 380 million Americans to vote for Trump, & somehow at 4am Kamala will get 381 million mail in ballots. The news is going to gaslight you into saying it‚Äôs just a conspiracy theory & the courts will refuse to see the evidence.",1242,1261,https://i.redd.it/48sduflyn9hd1.jpeg
"What‚Äôs your personal conspiracy theory you don‚Äôt think anyone else heard of, I‚Äôll start‚Ä¶",979,1196,https://www.reddit.com/r/conspiracy/comments/1dhucsa/whats_your_personal_conspiracy_theory_you_dont/
I believe flat earth theory is a pysop designed to make us all look stupid. ever notice how it encapsulates so many difference conspiracies? it's like they want us to believe this shit so can they label us insane.,3648,2276,https://i.redd.it/xcffof8h8zu91.jpg
The dangers of believing EVERY conspiracy theory....,2883,2177,https://i.redd.it/si4i5tm4hkga1.jpg
What conspiracy theory is your favourite and why?,3086,778,https://i.redd.it/zvppc6bu6oya1.jpg
"Never forget the time that the majority of the major subreddits came together to demand mass censorship of subreddits that went against the mainstream narrative on covid. Over a year later, many of these so called ‚Äòconspiracy theories‚Äô have been proven true. We will never forgive you",3364,1165,https://i.redd.it/58eg60m4uw8a1.jpg
What is a Conspiracy Theory that gets scarier the more you look into it?,3166,2780,https://www.reddit.com/r/conspiracy/comments/w0z6zx/what_is_a_conspiracy_theory_that_gets_scarier_the/
Remember this conspiracy theory? 1 year ago today,2056,115,https://i.redd.it/aczjvw3qplwd1.jpeg
What are some positive or upbeat conspiracy theories? ,825,314,https://i.redd.it/wmw60fz93rtd1.jpeg
Flat-earth is probably the dumbest conspiracy theory.,2961,2783,https://i.redd.it/ui2e1wpd8tp81.jpg
The ‚Äúflat earth‚Äù conspiracy theory is intentionally designed to make conspiracy theorists look bad and discredit them,1822,1246,https://www.reddit.com/r/conspiracy/comments/130qa8d/the_flat_earth_conspiracy_theory_is_intentionally/
Why is it always ‚Äúright-wing‚Äù conspiracy theories and never ‚Äúleft-wing‚Äù conspiracy theories?,2286,1288,https://www.reddit.com/r/conspiracy/comments/zgou5g/why_is_it_always_rightwing_conspiracy_theories/
Hold up but the media told me Biden having Dementia was just a Conspiracy Theory.,1468,407,https://i.redd.it/yjcmh6mysfhc1.jpeg
Why is this sub not full of Ft. Hood/Ft. Bragg conspiracy theories every day? Y'all are arguing over Dr Seuss and QAnon and Covid while there's VERY CLEARLY something enormous going on with the military.,6955,837,https://www.reddit.com/r/conspiracy/comments/ly8jeg/why_is_this_sub_not_full_of_ft_hoodft_bragg/
What‚Äôs the scariest conspiracy theory you 100% think is true?,1144,1729,https://www.reddit.com/r/conspiracy/comments/16l7f9m/whats_the_scariest_conspiracy_theory_you_100/
I‚Äôm old to remember when this was just a Conspiracy Theory,5896,761,https://i.redd.it/nv4tv8orh2171.jpg
Anyone else remember when this was an anti-vaxx conspiracy theory?,3260,1033,https://i.redd.it/tqltvfhml9a81.jpg
"Gerrymandering is the open conspiracy everyone just accepts. It is not even a theory, it has been a proven fact for decades.",2257,845,https://i.redd.it/vt9z47b49tz91.png
I thought this was just a conspiracy theory...,1440,736,https://i.redd.it/qib1sk3uahgb1.jpg
Hit me with the trippiest conspiracy theory you know. Or trippiest fact. I don‚Äôt care.,963,1265,https://www.reddit.com/r/conspiracy/comments/17mn4e1/hit_me_with_the_trippiest_conspiracy_theory_you/
A conspiracy theory,2480,520,https://i.redd.it/7acr3f46f65a1.png
What's a conspiracy theory you believe will be regarded as true by the vast majority of people in 20 years?,615,845,https://www.reddit.com/r/conspiracy/comments/1cgryd7/whats_a_conspiracy_theory_you_believe_will_be/
The amount of people that comment in this subreddit and are against conspiracy theories is astonishing.,2168,1071,https://www.reddit.com/r/conspiracy/comments/uqzcej/the_amount_of_people_that_comment_in_this/
Another baseless conspiracy theory that needed roughly six months to come true.,989,204,https://i.imgur.com/cErYdhZ.png
Conspiracy Theory: Reddit is now allowing conversations about COVID-19 and the dangers of the vaccine only on this sub because they want the narrative to be that anyone who has an alternate opinion is a ‚Äúcrazy conspiracy theorist‚Äù.,3108,897,https://www.reddit.com/r/conspiracy/comments/pgx9nn/conspiracy_theory_reddit_is_now_allowing/
"Now its not a ""conspiracy theory"". It's now a FACT. (Link in Comment)",3323,777,https://i.redd.it/jpa0zwt283m71.jpg
"Yep it‚Äôs a conspiracy theory, and I really hope this person is wrong. But I‚Äôm afraid they are not.",2549,645,https://i.imgur.com/br2K1QW.jpg
Bill Gates's daughter reveals she was dumped by friends over conspiracy theories about dad,917,154,https://www.dailymail.co.uk/news/article-13866257/Bill-Gates-daughter-Phoebe-reveals-dumped-friends-conspiracy-theories.html
"i've seen claims about Israel controlling the US government, people often pass them off as conspiracy theories but to see israel openly admitting to this is bizarre",1869,246,https://i.redd.it/acra24sn1mxb1.jpg
"It's an ""antisemitic, conspiracy theory"" to say that Israel allowed the Hamas attack to justify ethnically cleansing Gaza.",1046,483,https://i.redd.it/kt4lj824il3c1.jpg
The government and pharmaceutical companies care about my health is one of the most baffling conspiracy theories,2619,334,https://i.imgur.com/jKMvHws.jpg
"Does Joy Reid actually think the U.S. Secret Service, run by President Joe Biden, was in on faking an assassination plot against Donald Trump? There are ""conspiracy theories"" and then there's this. ",498,395,https://i.redd.it/drs1a0i0sadd1.jpeg
What are the scariest conspiracy theories,451,762,https://www.reddit.com/r/conspiracy/comments/1ccbbch/what_are_the_scariest_conspiracy_theories/
Tell me about a Conspiracy Theory that keeps you up at night,578,1157,https://www.reddit.com/r/conspiracy/comments/18hqcqx/tell_me_about_a_conspiracy_theory_that_keeps_you/
What‚Äôs the difference between Conspiracy Theory and Reality? Apparently 24 hours.,2346,334,https://i.redd.it/rwxcieja22v91.jpg
Favorite non-Covid related conspiracy theory?,1555,1382,https://www.reddit.com/r/conspiracy/comments/rt4g55/favorite_noncovid_related_conspiracy_theory/
Mother of all conspiracy theories.... officially true at last.,1855,424,https://i.redd.it/725bsl6su0j91.jpg
Friendly reminder that they said natural immunity was a far right conspiracy theory,468,426,https://www.reddit.com/r/conspiracy/comments/1cvcrcj/friendly_reminder_that_they_said_natural_immunity/
I hate conspiracy theories but...,922,416,https://www.reddit.com/r/conspiracy/comments/173qbs8/i_hate_conspiracy_theories_but/
The real conspiracy theory is how many agent provocateurs have been used during the past couple years,2651,486,https://i.imgur.com/xxvc2YW.png
Remember when pizzigate was declared a Debunked baseless conspiracy theory?,1807,605,https://www.reddit.com/r/conspiracy/comments/soglj0/remember_when_pizzigate_was_declared_a_debunked/
"Every time they use the words ‚Äúconspiracy theory,‚Äù it means something they‚Äôre doing has been uncovered.",1197,1216,https://i.imgur.com/MmB86PN.jpg
NBC no longer calling it a Conspiracy Theory. Holy Shit.,2328,563,https://i.redd.it/ltxb40q4mj171.jpg
Regarding the hollow earth conspiracy theory. I'm from Norway and I'm literally willing to risk my life exploring the theory by physically exploring the arctic circle.,1963,491,https://www.reddit.com/r/conspiracy/comments/sr2y3h/regarding_the_hollow_earth_conspiracy_theory_im/
"Supporters of Trump have co-opted this sub. It used to be a space for people sceptical of all political parties and elites. Now, a conspiracy is untrue if it criticises Trump or true if it supports Trump. Every conspiracy is categorised into red or blue. It‚Äôs the antithesis of conspiracy theory.",2335,867,https://www.reddit.com/r/conspiracy/comments/hy64w5/supporters_of_trump_have_coopted_this_sub_it_used/
Not sure if it‚Äôs actually a conspiracy theory but a goat leading the queens funeral procession is still good for one.,1579,453,https://i.redd.it/kkwyypkpbio91.jpg
What's a conspiracy theory that you 100% believe in?,795,1829,https://www.reddit.com/r/conspiracy/comments/1068lw5/whats_a_conspiracy_theory_that_you_100_believe_in/
No longer just a conspiracy theory,2360,368,https://i.redd.it/n2fipmdur6c81.jpg
This was just a crazy conspiracy theory.,2001,520,https://imgur.com/XJR7dHl
UN Declares War on ‚ÄòDangerous‚Äô Conspiracy Theories: ‚ÄòThe World Is NOT Secretly Manipulated By Global Elite‚Äô,1854,365,https://magspress.com/un-declares-war-on-dangerous-conspiracy-theories-the-world-is-not-secretly-manipulated-by-global-elite/
"Spying on a campaign in 1972 led to a president resigning. Nowadays, spying on a campaign is brushed off as ‚Äúconspiracy theory‚Äù allowing the criminals to walk away Scot-Free. Link in sub",897,209,https://i.redd.it/p1rfxipeubkc1.jpeg
"This Sandy Hook show trial is only serving to reignite Sandy Hook conspiracy theories. If Alex Jones can be bankrupted because he asked questions about a school shooting on a conspiracy show, then free speech is over. If we question anyone in government they can just sue us into bankruptcy?",842,2189,https://i.redd.it/qtvupdtcpof91.jpg
"Conspiracy theory: Uber's fatal autonomous car accident yesterday was expected, and the ramifications are desirable to the company.",4416,476,https://www.reddit.com/r/conspiracy/comments/85rj9y/conspiracy_theory_ubers_fatal_autonomous_car/
Didn‚Äôt win a single primary. The party that claims to defends Democracy is about nominate a person who didn‚Äôt even compete. Participation trophy in action. Remember when they said the Switch was a Conspiracy Theory? ,173,566,https://i.redd.it/mkyw2rhyk1gd1.jpeg
What are some lesser known conspiracy theories that are real mindfucks or will give you existential dread?,518,740,https://www.reddit.com/r/conspiracy/comments/16ybnsd/what_are_some_lesser_known_conspiracy_theories/
Remember people Biden having Dementia is a vast right wing conspiracy theory.,879,224,https://i.redd.it/hm7e9csjkbbc1.jpeg
The full life cycle of a conspiracy theory,1734,118,https://i.redd.it/tkfgj7lvdd4c1.png
"I thought this was a conspiracy theory from ‚Äúa fringe minority, anti-vax, racist Trump supporters‚Äù???",1255,304,https://i.redd.it/r4fwvz0hjzia1.png
One of the biggest conspiracy theories of the century is about to get exposed on Twitter,1164,404,https://i.redd.it/gea6fi8e9k3a1.jpg
This is a comment from nearly a year ago in an askreddit thread about conspiracy theories...Does anyone have more info on this?,2386,401,https://i.redd.it/6v7lqh88u2561.jpg
"In 2020, this was dismissed as a wild conspiracy theory",1117,491,https://i.redd.it/v6iqdra5ogm91.jpg
What conspiracy theory would you most want to be proven true?,243,428,https://www.reddit.com/r/conspiracy/comments/1dize0q/what_conspiracy_theory_would_you_most_want_to_be/
"The ""vaccine"" being part of a depopulation agenda is going to be another ""conspiracy theory"" that turns out to be true.",889,784,https://www.reddit.com/r/conspiracy/comments/wvixsw/the_vaccine_being_part_of_a_depopulation_agenda/
Our CIA was seriously considering and urging JFK to carry out a false flag aircraft attack with a drone aircraft painted to look like a normal civilian passenger jet. But drones being flown into the towers on 9/11 is a far out conspiracy theory because our CIA would never do something like that,2393,328,https://i.redd.it/hv25njd6bfo61.jpg
"Terrifying but true. And it still goes on today.: ""MKULTRA is not a 'conspiracy theory.' It's documented. 99% of files were destroyed. The 1% (or less) that didn't get burned showed that the FBI and CIA would experiment on test subjects, and use them to commit murders.""",679,126,https://twitter.com/RealCandaceO/status/1813735235579969697
What‚Äôs it mean to be Commander-in-Chief when your top general can undermine you because he believe in some conspiracy theory?,1200,719,https://i.redd.it/0fz3fcp07in71.jpg
"The entire planet completely changed in 8 weeks. One billion people under government quarantines or lockdowns. No matter what you think about current events, this serves as a validation to conspiracy theory mentalities. This kind of thinking shouldn‚Äôt seem ‚Äúcrazy‚Äù anymore in a post-COVID19 world",2033,493,https://www.reddit.com/r/conspiracy/comments/fn2seg/the_entire_planet_completely_changed_in_8_weeks/
What are some most believable conspiracy theories?,441,684,https://www.reddit.com/r/conspiracy/comments/16cok23/what_are_some_most_believable_conspiracy_theories/
""" conspiracy theories "" you believe are fact",371,443,https://www.reddit.com/r/conspiracy/comments/1aeossq/conspiracy_theories_you_believe_are_fact/
This is life in Italy today: People without a covid passport are not allowed to enter the country. People without a covid passport are not allowed to go to work. People without a covid passport are not allowed to eat in restaurants. 1 year ago this was called conspiracy theories.,1746,327,https://www.reddit.com/r/conspiracy/comments/qh66uj/this_is_life_in_italy_today_people_without_a/
The Most Searched Conspiracy Theories By State,354,172,https://i.redd.it/ld9x7a39ovld1.jpeg
"He was right about it, and MSM said it was a ""racist conspiracy theory."" Now they're acting like it's new news",1507,475,https://i.redd.it/yzw1al3nci171.jpg
Do you remember when Elon endorsed an anti-semitic conspiracy theory and was forced to visit the Auschwitz labor camp afterwards? He has been very sensitive about anti-Israel content since then.,342,135,https://www.reddit.com/gallery/1fxajcv
Only OG‚Äôs remember when this was a crazy conspiracy theory.,878,337,https://i.redd.it/jl2bgbp1s1ea1.jpg
what is one conspiracy theory that you genuinely believe is real?,205,806,https://www.reddit.com/r/conspiracy/comments/18yx1e1/what_is_one_conspiracy_theory_that_you_genuinely/
Supermarket in Israel checking vaccine papers. No vaccine no food. Another CoNSpirAcY THeoRy doomers said wouldn't happen,1667,351,https://old.reddit.com/r/NoNewNormal/comments/lmk4mx/supermarket_in_israel_checking_vaccine_papers_no/
"""The vax affects reproduction"" is a crazy conspiracy theory and you've been banned for posting it. (six months later) Alright sooooo....",1341,254,https://i.redd.it/ym6tc0tq50c91.png
"""If your neighbour talks about covid conspiracy theories tell the police"". Yup. If you talk about conspiracy theories you'll be arrested. Welcome to 1984.",1315,201,https://twitter.com/i/status/1607270541542719488
"Remember, false flag attacks are not a ""conspiracy theory."" They are a proven fact.",3647,220,https://magaimg.net/img/8d0r.jpg
From 'conspiracy theory' to 'nothing burger',1178,202,https://i.redd.it/k4zhglsiwy4a1.png
Don't fall for another conspiracy theory! Please watch this UNDOCTORED video of President Biden perfectly ascending the stairs from a different angle.,3404,157,https://files.catbox.moe/d39onf.gif
"Nicki Minaj after saying people shouldn't be bullied into the vax: ""There's something bigger to it. When I kept seeing all these people with all these conspiracy theories i would be like 'Oh what? Oh please.' But what in the world scared y'all that much that made you disable my fucking Twitter?""",1445,307,https://youtu.be/-xo97t8_fGM?t=260
"If you think yesterday was a good day for Dems and the ""Deep State"" is a Conspiracy Theory....you shouldn't be here.",934,348,https://i.redd.it/mt98w571jtg91.png
Here's a wild conspiracy theory. The Central Bank Mafia took out Gaddafi to prevent him from uniting Africa under a gold-backed dinar currency and challenging the Central Bank fiat currency. The Central Bank Mafia runs the third world via IMF and keeps it in shatters to flood US/Europe with migrants,738,118,https://i.redd.it/v0ydllhsrtrc1.jpeg
Rachel Maddow is bringing back FEMA death camp conspiracy theories,257,213,https://i.redd.it/iro5avhb0g8d1.jpeg
That‚Äôs a conspiracy theory that is more plausible than Pfizer‚Ä¶,1081,289,https://i.redd.it/kw7nou8dae691.jpg
Do the world's elites eat differently from us? Conspiracy theories about their diet exposed!,242,259,https://www.reddit.com/r/conspiracy/comments/1cr2zep/do_the_worlds_elites_eat_differently_from_us/
Obama says Voter Fraud is a 'Conspiracy Theory' and He is Dead Wrong. Voting Machines Have Abysmal Security. And Voter Fraud Has Happened Repeatedly in Past Elections.,2959,309,http://openmedianews.com/obama-voter-fraud-conspiracy-theory/
Conspiracy Theory: Free test will be contaminated with new variant,964,391,https://www.reddit.com/r/conspiracy/comments/rlmzbv/conspiracy_theory_free_test_will_be_contaminated/
"The media recognizes that people who are allowed to see the data behind conspiracy theories start to believe them. Instead of determining that maybe there is some truth to be found, they call it being radicalized or having ""fringe beliefs"" and try to censor.",2201,298,https://www.reddit.com/r/conspiracy/comments/auzouf/the_media_recognizes_that_people_who_are_allowed/
Cabbage Patch Kids -- The strangest conspiracy theory of the 19th century?,485,96,https://www.reddit.com/r/conspiracy/comments/1encr27/cabbage_patch_kids_the_strangest_conspiracy/
"RFK Jr. 2024, because critical thinking is now 'conspiracy theory'",650,292,https://i.redd.it/g8l0pcjc4dta1.png
The massive inflow of right wingers here (instead of real conspiracy theorists) is due to the fact that anything that is remotely right leaning is is shunned as conspiracy theory,1231,430,https://www.reddit.com/r/conspiracy/comments/ijpufy/the_massive_inflow_of_right_wingers_here_instead/
I have a COVID 19 vaccine conspiracy theory that is very close to home.,326,263,https://www.reddit.com/r/conspiracy/comments/1af25md/i_have_a_covid_19_vaccine_conspiracy_theory_that/
"Rumble avoided the police(for now)by leaving Europe. Cops probably want them to delete videos about Jean Michael Brigitte, Azov Nazi biolab+nordstream, The Conspiracy Theory of Everything",685,61,https://i.redd.it/auhyndtflwkd1.jpeg
"Last week, ‚Äúbioweapon labs in Ukraine‚Äù was a QAnon conspiracy theory. Now, Biden administration is worried about Russia using those ‚Äúresearch facilities‚Äù to launch a biological attack.",1495,189,https://i.redd.it/d46pv373r8m81.jpg
Right in time for Presidential Election Year 2024. All Blue States still playing the Mask Game. We were told this was a Conspiracy Theory that masks would return.,198,465,https://www.reddit.com/gallery/18t37wm
"If you are a Democrat, I want to know, what are some conspiracy theories you believe may be valid?",202,555,https://www.reddit.com/r/conspiracy/comments/17ocaw4/if_you_are_a_democrat_i_want_to_know_what_are/
Which celebrity conspiracy theory is the hill you would die upon?,347,873,https://www.reddit.com/r/conspiracy/comments/10gu98d/which_celebrity_conspiracy_theory_is_the_hill_you/
I have followed conspiracy theories for over a decade and this is the first time I truly believe sh*t is going to hit the fan hard,793,362,https://www.reddit.com/r/conspiracy/comments/v201cj/i_have_followed_conspiracy_theories_for_over_a/
What are your own conspiracy theories?,528,658,https://www.reddit.com/r/conspiracy/comments/vfj1s0/what_are_your_own_conspiracy_theories/
Systemic racism is a conspiracy theory and I find it curious that conspiracy theorists by and large don't seem to talk about that.,87,169,https://www.reddit.com/r/conspiracy/comments/1g6iol2/systemic_racism_is_a_conspiracy_theory_and_i_find/
Is another Conspiracy Theory about to be proven true?,417,184,https://i.redd.it/e84ltj7717ic1.jpeg
"Is it just me, or if you actually follow the money doesn‚Äôt literally every conspiracy theory ever come back to the federal reserve? Just seems like they‚Äôre the shadow government that‚Äôs too big to fail",401,120,https://i.redd.it/nf7j8m976q8d1.jpeg
"Biden canceled Operation Talon which targeted illegals that sexually traffic women and children. You know, just in case you needed further proof that it‚Äôs more than just a ‚Äúconspiracy theory‚Äù that corrupt Democrats, degenerate leftists, and Hollywood elitists with Epstein ties are running pedo rings",1283,295,https://floridapolitics.com/archives/404981-ashley-moody-urges-joe-biden-to-reinstate-ice-operation-targeting-sex-offenders
"Remember, when this was called a crazy conspiracy theory ?",1181,172,https://i.redd.it/w4khrxc5v9p91.jpg
"Elon Musk: ""Almost every Conspiracy Theory about Twitter turned out to be true, at least more True than they thought.""",857,197,https://youtube.com/watch?v=6AIcZfTRAkQ&feature=share
It‚Äôs just a conspiracy theory it‚Äôs not true.,781,354,https://i.redd.it/s8zzf9neskk81.jpg
"A Conspiracy Theory that became a ‚ÄúConspiracy Fact‚Äù: The CIA, Afghanistan‚Äôs Poppy Fields and America‚Äôs Growing Heroin Epidemic",3460,212,http://www.globalresearch.ca/a-conspiracy-theory-that-became-a-conspiracy-fact-the-cia-afghanistans-poppy-fields-and-americas-growing-heroin-epidemic/5533673
"Another COVID ""conspiracy theory"" becomes reality as a bombshell study CENSORED by The Lancet has now been peer-reviewed and published.",426,107,https://www.reddit.com/gallery/1dlsmj2
Here we go... they are successfully turning weather control into a dangerous conspiracy theory that will be censored. Like 9/11 and covid talks.,128,138,https://www.reddit.com/gallery/1g06zb2
No longer a ConSpiRaCy tHeoRy,856,177,https://i.redd.it/u72q6to64mka1.jpg
"It's an ""antisemitic conspiracy theory"" to say that judicial system has been subverted and weaponized against Israel's critics.",479,112,https://i.redd.it/2wk73pp6wgyc1.jpeg
"""Jeffrey Epstein is still alive, has undergone plastic facial surgery and is out of prison and in hiding under an assumed name"" - what do you think about this conspiracy theory?",294,245,https://www.reddit.com/r/conspiracy/comments/18u49yk/jeffrey_epstein_is_still_alive_has_undergone/
The Great Replacement is a white nationalist far right conspiracy theory you say? Irelands PM just said the quiet part out loud.,518,159,https://i.redd.it/mt1ywgy5jd2c1.jpeg
What is the most unusual conspiracy theory that you are convinced is true?,770,1721,https://www.reddit.com/r/conspiracy/comments/8utaha/what_is_the_most_unusual_conspiracy_theory_that/
I was told this was a dangerous Conspiracy Theory. Now the ‚ÄúFact Checkers‚Äù are saying it not only does it happen but it‚Äôs expected.,430,169,https://i.redd.it/73xocdckb46c1.jpg
"To those new to the Epstein case. Remember Pizzagate? The silly ""alt-right"" conspiracy theory",1171,358,https://imgur.com/zdO0KRs
"MegaAnon drops Huge nuggets about the ""calm before the storm"" - claims Trump will make 3 Presidential Addresses that will reveal some of the biggest 'conspiracy theories' out there",1129,600,https://i.imgur.com/z4VAyAX.jpg
Ever notice the Mainstream Media is quick to call any media source that deals with conspiracies 'crazy' 'tin-foil hat' and 'fake news' all while running a 4-month long conspiracy theory about Russia / Trump / election hacking based on no evidence whatsoever?,1281,479,https://www.reddit.com/r/conspiracy/comments/5yxoo8/ever_notice_the_mainstream_media_is_quick_to_call/
This is what every french received tonight. QR code society is no longer a conspiracy theory.,394,105,https://i.redd.it/tcorw3qks90d1.jpeg
Safe and Effective! Another Conspiracy Theory proven right.,619,118,https://i.redd.it/wjkm2hq551xb1.jpg
My conspiracy theory: this subreddit is being brigaded by pedophile sympathizers,855,1041,https://www.reddit.com/r/conspiracy/comments/67og4j/my_conspiracy_theory_this_subreddit_is_being/
The dead internet theory is quickly becoming one of my favorite conspiracies‚Ä¶,945,137,https://i.redd.it/xlsuhtqjfkaa1.jpg
LMFAO. The Facebook 'Whistleblower' is literally just another anti 'conspiracy theories' Mockingbird windbag.,1252,170,https://i.redd.it/sfbvdag66qr71.png
Twitter is censoring the science in order to promote far left conspiracy theories,997,224,https://imgur.com/yrWUCAE.jpg
Conspiracy theories are spoilers.,704,341,https://i.redd.it/hbskyasmw0e71.png
Vaccine Passports are a Conspiracy Theory! Meanwhile this sign was at my doctors office. Why are they still playing the COVID game?,297,378,https://i.redd.it/ibrdffr1jzoa1.jpg
Why is Donald trump so widely liked in this subreddit and in many conspiracy theory circles?,259,467,https://www.reddit.com/r/conspiracy/comments/1168sl8/why_is_donald_trump_so_widely_liked_in_this/
"What is considered a conspiracy theory today, that was once considered as true?",162,285,https://www.reddit.com/r/conspiracy/comments/18gq4q2/what_is_considered_a_conspiracy_theory_today_that/
"The PRIMARY conspiracy theory right now is whether Wikileaks is compromised and whether people who have found the insurance keys are being censored, the entire front page of r/conspiracy is a distraction.",1089,513,http://i.imgur.com/12sDLZA.png
Wild conspiracy theory: The CIA installed Joe Biden because he's a mentally challenged pedophile who is blackmailed and bribed by many foreign nations and he'll do whatever the CIA wants for the Central Banker NWO,421,87,https://i.redd.it/2c9qbxjqpgzc1.jpeg
"So people who are actually paying attention are more likely to believe conspiracy theories. And as usual, all the comments have been deleted.",513,251,https://i.redd.it/zcfqlp717bw91.jpg
"A month ago, it was an ""antisemitic conspiracy theory"" to say that Israel had foreknowledge of the 10/7 attack and allowed it. Now, we see that is exactly what happened.",533,110,https://x.com/Jerusalem_Post/status/1727775621500072424?s=20
So New York Times has written an article saying that people need to stop spreading conspiracy theories about Maria Ambromovic. They posted the article link on Twitter and they are getting nuked in the comments.,893,308,https://twitter.com/nytimes/status/1252638241901215745
"Foreign-born workers: +635K in August. Native-born workers: -1.325 MILLION in August. Yes, 1.3 million NATIVE-BORN Americans lost a job in August. And then they said that the great replacement is a conspiracy theory.",193,85,https://i.redd.it/uvwcs94f69nd1.png
a Reddit classic,7612,237,https://i.redd.it/srjctd2zo7sd1.jpeg
What's your favorite conspiracy theory?,193,338,https://www.reddit.com/r/conspiracy/comments/14nxwk9/whats_your_favorite_conspiracy_theory/
How the media created a false conspiracy theory to make people not look into the real dangers of 5G radiation,637,318,https://www.reddit.com/r/conspiracy/comments/oca8m0/how_the_media_created_a_false_conspiracy_theory/
Another ‚Äúconspiracy theory‚Äù becomes ‚Äúconspiracy fact‚Äù!,770,203,https://i.redd.it/k0vjw68yd6781.jpg
"""The 27-year-old woman(Vegas prostitute) said Paddock, 64, would often rant about conspiracy theories including how 9/11 was orchestrated by the US government.""",873,480,http://www.dailymail.co.uk/news/article-4959970/Vegas-prostitute-says-Stephen-Paddock-enjoyed-violent-sex.html
"I‚Äôll take ‚Äúthings that were labeled a conspiracy theory last year for 500, Alex.‚Äù",576,156,https://i.redd.it/q6hjbk2x6uia1.jpg
Parents of Seth Rich Sue Fox News for Pushing Self-Serving Conspiracy Theory at Their Son's Expense,715,613,https://www.rawstory.com/2018/03/family-slain-dnc-staffer-sues-fox-news-promoting-conspiracy-theory-son/
"In your opinion, what conspiracy theories are popularised to discredit actual conspiracies?",61,105,https://www.reddit.com/r/conspiracy/comments/1fowb6w/in_your_opinion_what_conspiracy_theories_are/
"""You'll own nothing and be happy"" is not just a conspiracy theory. People need to care more about their ownership rights.",639,147,https://www.reddit.com/r/conspiracy/comments/zvd8ll/youll_own_nothing_and_be_happy_is_not_just_a/
"I'm a high school student and I was assigned to read and work with an article talking about how bad/harmful conspiracy theories are, and that the vaccine is good, and all sorts of stuff. Are they trying to prevent the youth from thinking outside of the box?",775,266,https://i.redd.it/ygfnc9xmjl461.png
We are getting one day turnaround times for conspiracy theory to conspiracy fact now. They even used the same picture,848,123,https://i.redd.it/4fvu52l406s91.jpg
What do you think about Alex Jones being ordered to pay $1.15 billion for his ‚Äúconspiracy theories?‚Äù ,0,205,https://www.reddit.com/r/conspiracy/comments/1dci1ax/what_do_you_think_about_alex_jones_being_ordered/
Why do you think many people don't believe in conspiracy theories and even try to ridicule them?,108,258,https://www.reddit.com/r/conspiracy/comments/1871zm9/why_do_you_think_many_people_dont_believe_in/
Conspiracy Theory: South Park Co-Creator Matt Stone is Compromised,69,90,https://i.redd.it/cazss8zi2qud1.jpeg
What conspiracy theory do you think everyone should know about?,52,300,https://www.reddit.com/r/conspiracy/comments/18qm637/what_conspiracy_theory_do_you_think_everyone/
"Remember when replacement migration was an ""antisemitic conspiracy theory?""",233,62,https://i.redd.it/kk5twwjpw2nd1.jpeg
Just a Reminder: The same people who let you rampantly speculate and spread conspiracy theories about a sitting US president for 3.5 years are the ones saying you can't spread conspiracy theories about someone who isn't even president yet.,717,246,https://www.reddit.com/r/conspiracy/comments/jt2ru3/just_a_reminder_the_same_people_who_let_you/
What‚Äôs the silliest conspiracy theory that you actually believe to be true? ,6,108,https://www.reddit.com/r/conspiracy/comments/1ftwwlt/whats_the_silliest_conspiracy_theory_that_you/
Flat earth theory is created by the elites in order to make fun of conspiracy theorists,307,300,https://www.reddit.com/r/conspiracy/comments/x53306/flat_earth_theory_is_created_by_the_elites_in/
"These Wayfair accusations deserve a proper investigation, this *cannot* get ignored or brushed off as another baseless conspiracy theory, there is something to this",968,180,https://www.reddit.com/r/conspiracy/comments/hp8nc1/these_wayfair_accusations_deserve_a_proper/
"It's quite surreal to continually witness ""conspiracy theories"" in this sub coming true 6 months later.",681,208,https://www.reddit.com/r/conspiracy/comments/ow6v6w/its_quite_surreal_to_continually_witness/
"To make matters worse, the virus that leaked from the lab was the product of U.S.-funded bioweapons research. That is no longer a ‚Äúconspiracy theory‚Äù or even a theory. It is a fact.",405,84,https://twitter.com/RobertKennedyJr/status/1748907360314347845
"A new U.N. report argues many of the street protests popping up around the globe are driven by a growing sense (aka ""conspiracy theories"") that societies are rigged to favor the powerful ‚Äî and trap the masses in low-wage, dead-end lives. #noshit",1382,139,http://n.pr/35kPSbv
We went from 96% effective at preventing COVID-19infection to 4 shots later and the protection wanes quickly Does this make you angry?I‚Äôm furious and I never even took the Fake Cure Not only was the Conspiracy Theories 100% correct but they maliciously threatened and bribed the population to take it,373,288,https://i.redd.it/e89azqodlss81.jpg
Remember when mandatory vaccinations were just a conspiracy theory?,925,124,https://www.reddit.com/r/conspiracy/comments/rcqfgf/remember_when_mandatory_vaccinations_were_just_a/
Another conspiracy theory turns out to be real,537,146,https://i.redd.it/ma75v98j3s4a1.jpg
"From the beginning of mankind to 9/11, this guy explains the entire history of mankind through conspiracy theory eyes in 1 hour. Entertaining as hell! Bookmark it and watch it at your leisure. You won't regret it.",1695,149,https://www.youtube.com/watch?v=vDmosJI6b2Q
The media in 2020 vs. 2023. How they treated ‚Äúlab theory conspiracy theorists‚Äù,716,97,https://i.redd.it/8fueqx3aepka1.jpg
What‚Äôs a conspiracy theory you believe in that‚Äôs not widely known/talked about,39,112,https://www.reddit.com/r/conspiracy/comments/1eohox0/whats_a_conspiracy_theory_you_believe_in_thats/
"This is why its not a ""Conspiracy Theory""...",1447,234,http://imgur.com/VcmtlTy
"Dead Internet theory IS NOT A CONSPIRACY, it's a FACT",286,77,https://www.reddit.com/r/conspiracy/comments/1cb47wu/dead_internet_theory_is_not_a_conspiracy_its_a/
"The FBI searched emails, texts and other electronic communications of as many as 3.4 million U.S. residents without a warrant over a year, the nation‚Äôs top spy chief said in a report... Mass surveillance is just another conspiracy theory.",1135,76,https://i.redd.it/uyfsrm4eqij91.jpg
"According to the dinosaur media, the worst part about the exposure of Jeffrey Epstein's child sex trafficking and blackmail operation is that it bolsters conspiracy theories about child sex trafficking and elite corruption. Newsflash: they're trying to gaslight you. Don't fall for it for a second.",1959,100,https://www.youtube.com/watch?v=ZflAp7OKvOs
"Oh, look! Another conspiracy theory turned conspiracy fact. (link in SS)",956,169,https://i.redd.it/4fug3eygjq951.jpg
What‚Äôs the weirdest conspiracy theory you have heard of? ,54,147,https://www.reddit.com/r/conspiracy/comments/1cgbg89/whats_the_weirdest_conspiracy_theory_you_have/
"The mainstream media has no problem reporting on human trafficking, but once you suggest that elites are involved, they suddenly declare it‚Äôs all a conspiracy theory.",1431,75,http://theculturechronicles.com/index.php/2021/12/27/the-mainstream-media-has-no-problem-reporting-on-human-trafficking-but-once-you-suggest-that-elites-are-involved-they-suddenly-declare-it-all-a-conspiracy-theory/
I thought this was supposed to be a conspiracy theory. But here it is straight from Trudeau‚Äôs mouth: The pandemic is the excuse for a ‚ÄúGreat Reset‚Äù led by the UN.,892,165,https://twitter.com/ezralevant/status/1328020783596269568?s=19
9/11 is no longer a conspiracy theory. This is a conspiracy against America through the art of Predictive Programming. The media has been in on it for decades... see for yourself!,552,314,https://i.redd.it/f07ya781ag651.jpg
Russiagate was a Conspiracy Theory and the Media were the Conspiracy Theorists,443,334,https://www.reddit.com/r/conspiracy/comments/lqiw34/russiagate_was_a_conspiracy_theory_and_the_media/
It's No longer a conspiracy theory as the facts are in on targeted individuals.,119,150,https://www.reddit.com/r/conspiracy/comments/1ahb7u3/its_no_longer_a_conspiracy_theory_as_the_facts/
Why do people view conspiracy theories with such contempt when history is largely the history of powerful people conspiring to benefit themselves?,1070,231,https://www.reddit.com/r/conspiracy/comments/5t077c/why_do_people_view_conspiracy_theories_with_such/
95% of conspiracy theories are just critiques of capitalism with insufficient vocabulary and no ideological framework,599,307,https://www.reddit.com/r/conspiracy/comments/eaqhom/95_of_conspiracy_theories_are_just_critiques_of/
What‚Äôs your creepiest conspiracy theory about what‚Äôs at the bottom of the deepest oceans?,333,278,https://www.reddit.com/r/conspiracy/comments/ty0esn/whats_your_creepiest_conspiracy_theory_about/
"Even famous newspaper, The Jerusalem Post is spreading the ‚Äúantisemitic conspiracy theory‚Äù of Greater Israel",274,36,https://i.redd.it/lyr4o6jr9krd1.jpeg
Do you miss the days when this sub was about Conspiracy Theories and not just extremely biased Political Posts? Well I do so I created a Non-Political sub (Link in Comments) . There is only 1 Rule: No Political Posts!,390,191,https://i.redd.it/flyerwr3ywl91.jpg
I have a conspiracy theory that YouTube intentionally recommends certain videos to people with history turned off,292,69,https://www.reddit.com/r/conspiracy/comments/1c9nx9x/i_have_a_conspiracy_theory_that_youtube/
Unraveling the Mystery: The 15-Minute City Conspiracy Theory Decoded,210,134,https://i.redd.it/j5s3z5qyj51c1.jpg
Serious question: why do people REJECT conspiracy theories on the flimsiest of evidence?,14,112,https://www.reddit.com/r/conspiracy/comments/1efpzay/serious_question_why_do_people_reject_conspiracy/
"What conspiracy theory, if proven true without a shadow of a doubt, would cause the most chaos in less than 24 hours?",211,422,https://www.reddit.com/r/conspiracy/comments/tbxhch/what_conspiracy_theory_if_proven_true_without_a/
"People are not falling into the Omicron narrative anymore. The conspiracy theories have been right for so long that even the most guillible people are starting to suspect. Relax, take a deep breath, from now it is mostly winning",753,132,https://i.redd.it/a5eaw2tvlt981.jpg
"NSA is buying Americans' internet browsing records without a warrant. Another ""conspiracy theory"" proven 100% true. All of your devices are spying on you for intelligence agencies.",522,55,https://techcrunch.com/2024/01/26/national-security-agency-americans-internet-browsing-records-warrantless/
Remember when this was a Conspiracy Theory? It‚Äôs a good thing I a still have my old flip phone from 2010. I am willing to forge these documents. My Body. My Choice. Fuck this 1984 Shit.,598,217,https://i.redd.it/927qxo56p4j61.jpg
Whats everyones favourite australian conspiracy theory? ,15,77,https://www.reddit.com/r/conspiracy/comments/1g6awkh/whats_everyones_favourite_australian_conspiracy/
"The founder of the World Economic Forum, Klaus Schwab, also happens to be the author of a book called 'COVID-19: The Great Reset' but the masses still think the reset is just a crazy conspiracy theory. WTF?",694,194,https://www.reddit.com/r/conspiracy/comments/k5x66q/the_founder_of_the_world_economic_forum_klaus/
Starting to Burn Down 5G Towers in UK Due to Conspiracy Theories,632,248,https://www.thesun.co.uk/news/11320198/coronavirus-5g-conspiracy-theory-masts/
Good movie suggestions about conspiracy theories or myths?,63,136,https://www.reddit.com/r/conspiracy/comments/1bzvfqu/good_movie_suggestions_about_conspiracy_theories/
"After two years, I have finally published a book dedicated to a conspiracy theory I believe that everyone is missing. It's a novel, but meant to convey the possibility of what would unfold if this was researched deeper.",648,175,https://i.redd.it/kkanes1ql9471.jpg
Exclusive: FBI document warns conspiracy theories are a new domestic terrorism threat,579,304,https://www.reddit.com/r/conspiracy/comments/ckqppi/exclusive_fbi_document_warns_conspiracy_theories/
"A theory: The vaccines destroy natural human immune systems and in 100 years, you'll be called a conspiracy theorist for saying humans ever had an immune system.",199,250,https://www.reddit.com/r/conspiracy/comments/105lgob/a_theory_the_vaccines_destroy_natural_human/
"""ANTARTICA"" Conspiracy Theories",610,349,https://www.reddit.com/r/conspiracy/comments/8yxipy/antartica_conspiracy_theories/
theory : the conspiracy subreddit is run by the US government to find about what people know,418,180,https://www.reddit.com/r/conspiracy/comments/vneqqr/theory_the_conspiracy_subreddit_is_run_by_the_us/
"The BBC One Show were encouraging people not to explore conspiracy theories too much today, as it's potentially detrimental to ourselves and society. This is the same BBC that knowingly covered up decades of child abuse scandals.",1216,98,https://twitter.com/BBCTheOneShow/status/1363929786125611011?s=19
Guys the government is always honest and would never ever work to deceive us. That‚Äôs just a crazy conspiracy theory! /s. Why is the Washington Post using numbers instead of percentages? Trying to deceive us to make RFK base of support look smaller then it actually is.,387,114,https://i.redd.it/narfatgup84b1.jpg
"In Germany, Covid Omicron BA.5 Prefers Hypervaccinated & double Masked Western Germans. ADE is just a conspiracy theory.",464,161,https://i.redd.it/ffw8ziqmhj891.png
"I know this picture has been posted here before, but let's take a look at something that is a legitimate conspiracy and not a ""conspiracy theory"". Let's talk about the people who plan to kill everyone on earth through petty wars and famine. CEO's, billionaires, heads of states. More in the comments.",418,119,https://i.redd.it/zsv2c9wqphsa1.jpg
"Remember when MSM tried to claim that Trump being spied on was a ""conspiracy theory""",448,382,https://i.redd.it/iun77hpg7t541.jpg
"I have recently started looking into conspiracy theories, what theory do you believe is 100% true?",86,345,https://www.reddit.com/r/conspiracy/comments/1152pl5/i_have_recently_started_looking_into_conspiracy/
"‚ÄúWe need to go IN the capitol‚Äù - Ray Fed Epps, the ‚Äúpoor victim of far-right conspiracy theories that have ruined his life‚Äù lol. Good thing he has J6 committee and fake news fiercely protecting him. Very curious (telling) why they are so eager to protect this one J6 attendee, while condemning rest",335,160,https://i.redd.it/ny5m0shj7zaa1.jpg
Remember when the Hunter Biden Story was considered a Conspiracy Theory?,695,176,https://i.redd.it/xzo0guf762561.jpg
15 Days To Slow The Spread started over 21 months ago. Another crazy conspiracy theory.,912,100,https://i.redd.it/f94qm46fvr681.jpg
The MH370 Videos Are Real,5570,968,https://www.reddit.com/r/conspiracy/comments/16gom4a/the_mh370_videos_are_real/
Israeli embassy 'conserned' about popular American TV shows that depict the Jewish Lobby's influence in America in a critical manner. 'Could lead to conspiracy theories about the Israeli and Jewish control of American politics' (x-post from /r/worldpolitics),1129,234,"http://www.ynetnews.com/articles/0,7340,L-4373651,00.html"
"1 year ago, this was a conspiracy theory.",657,115,https://i.redd.it/sdvdfm9mw9291.jpg
Trevor Noah Asks Hillary Clinton How She Killed Jeffrey Epstein & Briefly Addresses Conspiracy Theories About Clintons,392,432,https://youtu.be/96LYbVeTGvc
"BREAKING: Comet Ping Pong Gunman Arrested; Media Blames ""Conspiracy Theories""",738,297,http://www.distract101.com/2016/12/breaking-comet-pizza-gunman-arrested-media-blames-conspiracy-theories/
How come all the conspiracy theories and attention about the Bermuda Triangle has fizzled out over the years?,294,132,https://www.reddit.com/r/conspiracy/comments/13wwrsc/how_come_all_the_conspiracy_theories_and/
What are some local or hometown conspiracy theories that you've heard about?,80,139,https://www.reddit.com/r/conspiracy/comments/1agzm28/what_are_some_local_or_hometown_conspiracy/
Idk why Michael Jackson‚Äôs life post let‚Äôs say the mid 80s hasn‚Äôt been looked at more and more in conspiracy theory circles. Michael buys the Beatles catalog in the 1985 and most of Sony‚Äôs artist publishing and miraculously suddenly these allegations come out? ,108,48,https://www.reddit.com/r/conspiracy/comments/1fxr9cv/idk_why_michael_jacksons_life_post_lets_say_the/
33 Conspiracy theories that turned out to be true,766,152,https://i.redd.it/c6pmwzarf5s51.jpg
It‚Äôs so fucking lame how conspiracy theories are now viewed as a leftist vs. right wing thing in the past 8 years. With right wingers being conspiracy theorists and leftists not being one. ,65,78,https://www.reddit.com/r/conspiracy/comments/1eff2wc/its_so_fucking_lame_how_conspiracy_theories_are/
"Parkland School - Student Admits to Drills on day of Shooting - Told to expect cops firing ""blanks"". Surprising # of newcomers on this sub telling you to stop buying into ""wacko"" conspiracy theories!",685,267,https://www.youtube.com/watch?time_continue=32&v=qp0g2ZFE6Ns
UN Declares War on ‚ÄòDangerous‚Äô Conspiracy Theories: ‚ÄòThe World Is NOT Secretly Manipulated By Global Elite‚Äô,350,174,https://en.unesco.org/themes/gced/thinkbeforesharing
Noticing a push in the Flat Earth conspiracy theory?,18,257,https://www.reddit.com/r/conspiracy/comments/164qmch/noticing_a_push_in_the_flat_earth_conspiracy/
"Bill Gates: ""I own 1/4000 of all farm land in the US, what can you with 1/4000th share? You have a hard time pulling off a conspiracy unless you get up to 2/4000, 3/4000th. I have people who track conspiracy theories, if they get broad enough then you want to respond.""",173,79,https://twitter.com/newstart_2024/status/1780093304039743778
"From ""conspiracy theory"" to official government policy in 3 months. They are constantly lying to you. Your instinct is correct to not believe them and protest their actions!",540,195,https://youtu.be/R1o3zQPADEc
"""Conspiracy theory"" is a term by which the ruling class can dismiss questions about their motives and allegiances",1137,74,https://i.redd.it/kkhpwm0rl9181.png
Conspiracy Theory: Birds - Dinosaurs that channel human emotion.,397,39,https://i.redd.it/2sfdk5bt530d1.jpeg
"It's a ""conspiracy theory"" until it isn't",1138,78,https://i.redd.it/izvcvhbannm71.png
The biggest conspiracy of all is the mushroom conspiracy,2895,738,https://www.reddit.com/r/conspiracy/comments/1azm82x/the_biggest_conspiracy_of_all_is_the_mushroom/
Article in r/science explaining that people with analytical thinking are better able to dismiss ‚Äúconspiracy theories‚Äù. It‚Äôs been up 2 hours and already 4.9k upvotes...,625,299,https://www.reddit.com/r/science/comments/7dblkp/a_person_is_more_effective_at_analyzing_fake_news/?st=JA2HHOF4&sh=90677a76
When you forget to disable the comment section and the top comment is remember when Vaccine Passports were Conspiracy theories? Now we have full blown Mandates! Or you no longer have a Job! So much for respect the essential workers!,697,131,https://i.redd.it/wbxukgkyp4g71.jpg
"Reddit admins ban any posts about election fraud. But never once cracked down on debunked ""russia collusion"""" conspiracy theories",821,133,https://np.reddit.com/r/tucker_carlson/comments/jpidde/important_message_to_our_community/
Remember when Vitamin D being one of the biggest weapons against COVID-19 was a conspiracy theory? The past 24 hours have been interesting.,571,179,https://www.reddit.com/r/conspiracy/comments/ljr08z/remember_when_vitamin_d_being_one_of_the_biggest/
My favourite conspiracy theory is that all my hard work will pay off,197,32,https://www.reddit.com/r/conspiracy/comments/1fy31q8/my_favourite_conspiracy_theory_is_that_all_my/
Apparently even The Weather Channel is now a Conspiracy Theory Propaganda Channel,641,75,https://i.redd.it/89d6wcp0agfa1.jpg
Just another conspiracy theory turning out to be true.,504,127,https://i.redd.it/vr0z8md74h391.jpg
What are some unpopular conspiracy theories you know?,33,175,https://www.reddit.com/r/conspiracy/comments/185ilno/what_are_some_unpopular_conspiracy_theories_you/
Cuomo just blamed his Fuck Ups on Conspiracy Theories and Misinformation.,774,123,https://www.reddit.com/r/conspiracy/comments/lkmuso/cuomo_just_blamed_his_fuck_ups_on_conspiracy/
